asin,n_reviews,avg_rating,brand,name,categories,cluster,cluster_name
B018Y229OU,10961,4.454155642733327,Amazon,"Fire Tablet, 7 Display, Wi-Fi, 8 GB - Includes Special Offers, Magenta","Fire Tablets,Tablets,Computers & Tablets,All Tablets,Electronics, Tech Toys, Movies, Music,Electronics,iPad & Tablets,Android Tablets,Frys",0,Fire tablets
"B00L9EPT8O,B01E6AO69U",6618,4.671048655182835,Amazon,Echo (White),"Stereos,Remote Controls,Amazon Echo,Audio Docks & Mini Speakers,Amazon Echo Accessories,Kitchen & Dining Features,Speaker Systems,Electronics,TVs Entertainment,Clearance,Smart Hubs & Wireless Routers,Featured Brands,Wireless Speakers,Smart Home & Connected Living,Home Security,Kindle Store,Home Automation,Home, Garage & Office,Home,Voice-Enabled Smart Assistants,Virtual Assistant Speakers,Portable Audio & Headphones,Electronics Features,Amazon Device Accessories,iPod, Audio Player Accessories,Home & Furniture Clearance,Consumer Electronics,Smart Home,Surveillance,Home Improvement,Smart Home & Home Automation Devices,Smart Hubs,Home Safety & Security,Voice Assistants,Alarms & Sensors,Amazon Devices,Audio,Holiday Shop",1,Smart speakers (Echo)
B00U3FPN4U,5054,4.707360506529482,Amazon Fire Tv,Amazon Fire Tv (no name),"Back To College,College Electronics,College Tvs & Home Theater,Electronics,Tvs & Home Theater,Streaming Devices,Featured Brands,Amazon Devices,Holiday Shop,Ways To Shop,TV & Home Theater,Streaming Media Players,All Streaming Media Players,TVs Entertainment,Video Games,Kindle Store,Electronics Features,Kids & Family,Fire TV",2,Streaming devices (Fire TV)
B00OQVZDJM,3176,4.772355163727959,Amazon,Amazon Kindle Paperwhite - eBook reader - 4 GB - 6 monochrome Paperwhi,"Walmart for Business,Office Electronics,Tablets,Office,Electronics,iPad & Tablets,Windows Tablets,All Windows Tablets,Computers & Tablets,E-Readers & Accessories,E-Readers,eBook Readers,Kindle E-readers,Computers/Tablets & Networking,Tablets & eBook Readers,Electronics Features,Books & Magazines,Book Accessories,eReaders,TVs & Electronics,Computers & Laptops,Tablets & eReaders",3,E-readers (Kindle)
B01AHB9CN2,2812,4.586415362731152,Amazon,"All-New Fire HD 8 Tablet, 8 HD Display, Wi-Fi, 16 GB - Includes Specia","Electronics,iPad & Tablets,All Tablets,Fire Tablets,Tablets,Computers & Tablets",0,Fire tablets
B018Y23MNM,1682,4.526753864447087,Amazon,"Fire Kids Edition Tablet, 7 Display, Wi-Fi, 16 GB, Green Kid-Proof Cas","Tablets,Fire Tablets,Computers & Tablets,All Tablets",0,Fire tablets
B018Y225IA,1037,4.507232401157184,Amazon,Brand New Amazon Kindle Fire 16gb 7 Ips Display Tablet Wifi 16 Gb Blue,"Computers/Tablets & Networking,Tablets & eBook Readers,Computers & Tablets,Tablets,All Tablets",0,Fire tablets
B01BH83OOM,636,4.531446540880503,Amazon Echo,Amazon Echo (no name),"Featured Brands,Electronics,Amazon Devices,Home,Home Improvement,Home Safety & Security,Home Security,Alarms & Sensors,Smart Home & Home Automation Devices,Mobile,Mobile Speakers,Mobile Bluetooth Speakers,Smart Hubs & Wireless Routers,Smart Hubs,Home, Garage & Office,Smart Home,Voice Assistants,Smart Home & Connected Living,Amazon Tap,Portable Audio,MP3 Accessories,Speakers,Amazon Echo,Electronics Features,TVs & Electronics,Portable Audio & Electronics,MP3 Player Accessories,Home Theater & Audio,Kindle Store,Frys,Electronic Components,Home Automation,Electronics, Tech Toys, Movies, Music,Audio,Bluetooth Speakers",1,Smart speakers (Echo)
B00IOY8XWQ,580,4.729310344827586,Amazon,"Kindle Voyage E-reader, 6 High-Resolution Display (300 ppi) with Adapt","Walmart for Business,Office Electronics,Tablets,Electronics,iPad & Tablets,All Tablets,Computers & Tablets,E-Readers & Accessories,Kindle E-readers,Electronics Features,eBook Readers,See more Amazon Kindle Voyage (Wi-Fi),See more Amazon Kindle Voyage 4GB, Wi-Fi  3G (Unlocked...",3,E-readers (Kindle)
B01J2G4VBG,396,4.431818181818182,Amazon,"All-New Kindle E-reader - Black, 6 Glare-Free Touchscreen Display, Wi-","Amazon Devices & Accessories,Amazon Device Accessories,Power Adapters & Cables,Kindle Store,Kindle E-Reader Accessories,Kindle Paperwhite Accessories",4,Accessories
B00TSUGXKE,369,4.420054200542006,Amazon,Echo (White),"Electronics Features,Fire Tablets,Computers & Tablets,Tablets,All Tablets,Computers/Tablets & Networking,Tablets & eBook Readers",0,Fire tablets
B018SZT3BK,267,4.5655430711610485,Amazon,"Fire Tablet, 7 Display, Wi-Fi, 8 GB - Includes Special Offers, Black","Fire Tablets,Tablets,Computers & Tablets,All Tablets,Computers/Tablets & Networking,Tablets & eBook Readers",0,Fire tablets
B0189XYY0Q,255,4.556862745098039,Amazon Fire,Amazon Fire (no name),"Electronics,Tablets & E-Readers,Tablets,Back To College,College Electronics,College Ipads & Tablets,Featured Brands,Amazon Devices,Electronics Deals,Computers & Tablets,All Tablets,Electronics Features,eBook Readers",0,Fire tablets
B00ZV9PXP2,212,4.533018867924528,Amazon,"Fire Tablet, 7 Display, Wi-Fi, 8 GB - Includes Special Offers, Magenta","Electronics,iPad & Tablets,All Tablets,Computers/Tablets & Networking,Tablets & eBook Readers,Computers & Tablets,E-Readers & Accessories,E-Readers,Used:Computers Accessories,Used:Tablets,Computers,iPads Tablets,Kindle E-readers,Electronics Features",3,E-readers (Kindle)
B01AHB9CYG,158,4.5886075949367084,Amazon,"All-New Fire HD 8 Tablet, 8 HD Display, Wi-Fi, 32 GB - Includes Specia","Tablets,Fire Tablets,Electronics,Computers,Computer Components,Hard Drives & Storage,Computers & Tablets,All Tablets",0,Fire tablets
B00QFQRELG,73,4.205479452054795,Amazon,Amazon (no name),"Chargers & Adapters,Computers & Accessories,Tablet & E-Reader Accessories,Amazon Devices & Accessories,Fire Tablet Accessories,Electronics,Power Adapters & Cables,Cell Phones,Amazon Device Accessories,Cell Phone Accessories,Cell Phone Batteries & Power,Tablet Accessories,Featured Brands,Kindle Fire (2nd Generation) Accessories,Kindle Store,Home Improvement,Fire (5th Generation) Accessories,Electrical,Amazon Devices,Home,Tablets & E-Readers,Cables & Chargers",4,Accessories
B00VINDBJK,67,4.611940298507463,Amazon,"Kindle Oasis E-reader with Leather Charging Cover - Merlot, 6 High-Res","eBook Readers,Kindle E-readers,Computers & Tablets,E-Readers & Accessories,E-Readers",3,E-readers (Kindle)
B00IOYAM4I,51,4.862745098039215,Amazon,Brand New Amazon Kindle Fire 16gb 7 Ips Display Tablet Wifi 16 Gb Blue,"Computers & Tablets,E-Readers & Accessories,eBook Readers,Kindle E-readers",3,E-readers (Kindle)
B01BFIBRIE,27,4.666666666666667,Amazon,"Fire Tablet, 7 Display, Wi-Fi, 8 GB - Includes Special Offers, Black","Electronics,iPad & Tablets,All Tablets,Computers & Tablets,Tablets,eBook Readers",0,Fire tablets
B01J4ORNHU,16,4.5,Amazon,"Fire Tablet, 7 Display, Wi-Fi, 8 GB - Includes Special Offers, Black","Kindle Store,Categories,eBook Readers & Accessories,Fire TV Accessories,Electronics,Power Adapters & Cables,Amazon Device Accessories,Power Adapters",4,Accessories
B00QJDU3KY,15,4.666666666666667,Amazon,"Fire Tablet, 7 Display, Wi-Fi, 8 GB - Includes Special Offers, Black","mazon.co.uk,Amazon Devices",2,Streaming devices (Fire TV)
B00QL1ZN3G,15,3.066666666666667,Amazon,Amazon (no name),"Electronics,eBook Readers & Accessories,Power Adapters,Computers/Tablets & Networking,Tablet & eBook Reader Accs,Chargers & Sync Cables,Power Adapters & Cables,Kindle Store,Amazon Device Accessories,Kindle Fire (2nd Generation) Accessories,Fire Tablet Accessories",4,Accessories
B01AHB9C1E,14,4.5,Amazon,Amazon 5W USB Official OEM Charger and Power Adapter for Fire Tablets ,"Tablets,Fire Tablets,Computers & Tablets,All Tablets",0,Fire tablets
B006GWO5WK,13,2.4615384615384617,Amazon,Amazon (no name),"Computers/Tablets & Networking,Tablet & eBook Reader Accs,Chargers & Sync Cables,Power Adapters & Cables,Kindle Store,Amazon Device Accessories,Fire Tablet Accessories,Kindle Fire (2nd Generation) Accessories",4,Accessories
B00LW9XOJM,13,3.923076923076923,Amazon,Amazon (no name),"Cases,Kindle Store,Amazon Device Accessories,Accessories,Tablet Accessories",4,Accessories
B018Y22BI4,10,4.7,Amazon,Echo (White),"Computers & Tablets,Tablets,All Tablets,Computers/Tablets & Networking,Tablets & eBook Readers,Fire Tablets,Frys",0,Fire tablets
B002Y27P6Y,10,3.5,Amazon Digital Services Inc.,Amazon Digital Services Inc. (no name),"Electronics,Amazon Device Accessories,Kindle Store,Covers,Kindle E-Reader Accessories,Kindle DX (2nd Generation, Global Wireless) Accessories",4,Accessories
B006GWO5NE,8,4.875,Amazon,Amazon (no name),"Power Adapters & Cables,Electronics,USB Cables",4,Accessories
B00UH4D8G2,8,3.125,Amazon,Echo (White),"Categories,Streaming Media Players,Electronics",2,Streaming devices (Fire TV)
B00X4WHP5E,7,4.285714285714286,Amazon,Amazon (no name),"TVs Entertainment,Wireless Speakers,Virtual Assistant Speakers,Featured Brands,Electronics,Amazon Devices,Home,Home Improvement,Home Safety & Security,Home Security,Alarms & Sensors,Smart Home & Home Automation Devices,Smart Hubs & Wireless Routers,Smart Hubs,Consumer Electronics,Voice-Enabled Smart Assistants,Smart Home & Connected Living,Home, Garage & Office,Smart Home,Voice Assistants,Surveillance,Home Automation,Speakers,Electronics Features,Holiday Shop,TV, Video & Home Audio,Internet & Media Streamers,Amazon Echo,Hubs & Controllers",1,Smart speakers (Echo)
B018T075DC,7,5.0,Amazon,Brand New Amazon Kindle Fire 16gb 7 Ips Display Tablet Wifi 16 Gb Blue,"Fire Tablets,Tablets,Computers & Tablets,All Tablets",0,Fire tablets
B005PB2T2Q,6,3.6666666666666665,Amazon,"Fire Kids Edition Tablet, 7 Display, Wi-Fi, 16 GB, Green Kid-Proof Cas","Amazon Device Accessories,Kindle Store,Kindle Touch (4th Generation) Accessories,Kindle E-Reader Accessories,Covers,Kindle Touch (4th Generation) Covers",4,Accessories
B018Y22C2Y,6,4.833333333333333,Amazon,"Fire Tablet, 7 Display, Wi-Fi, 8 GB - Includes Special Offers, Black","Electronics,Computers,Computer Accessories,Cases & Bags,Fire Tablets,Electronics Features,Tablets,Computers & Tablets,Kids' Tablets,Electronics, Tech Toys, Movies, Music,iPad & Tablets,Top Rated",0,Fire tablets
B00REQKWGA,6,4.666666666666667,Amazon,Brand New Amazon Kindle Fire 16gb 7 Ips Display Tablet Wifi 16 Gb Blue,"Kindle E-readers,Electronics Features,Computers & Tablets,E-Readers & Accessories,E-Readers,eBook Readers",3,E-readers (Kindle)
B005PB2T0S,5,4.0,Amazon,Amazon Kindle Lighted Leather Cover,"Electronics,eBook Readers & Accessories,Covers,Kindle Store,Amazon Device Accessories,Kindle E-Reader Accessories,Kindle (5th Generation) Accessories,Kindle (5th Generation) Covers",4,Accessories
B00LO29KXQ,3,5.0,Amazon,"Fire Tablet, 7 Display, Wi-Fi, 8 GB - Includes Special Offers, Black","Electronics,Categories,Fire TV,Kindle Store",2,Streaming devices (Fire TV)
